#### 2.1 介绍

​		英文文档：https://www.postgresql.org/docs/13/tutorial-sql-intro.html



​		这个章节综述如何使用SQL来进行一些简单操作。这个教程仅仅是一个介绍而不是完整的SQL教程。关于 SQL 的书籍有很多，包括 [melt93](https://www.postgresql.org/docs/13/biblio.html#MELT93) 和 [date97](https://www.postgresql.org/docs/13/biblio.html#DATE97) 。你应该意识到 PostgreSQL 支持的 SQL 对标准 SQL 做了一些扩展(译者注：大部分SQL实现都是这么干的)。

​		在下面的例子中，我们假定你已经创建了一个名为 "mydb" 的数据库。

​		这个手册中的例子也可以在 pg 源码的 src/tutorial/ 目录下被找到(二进制发行版可能还未编译这些文件)。为了让那些文件正常工作，进入目录并运行 make 命令：

```shell
$ cd ..../src/tutorial
$ make
```

​		这将创建一些脚本并编译那些包含了用户自定义函数和用户自定义数据类型的 C 文件。然后，执行如下命令启动教程：

```shell
$ cd ..../tutorial
$ psql -s mydb

...


mydb=> \i basics.sql
```

​		"\\i" 命令会从文件中读取命令。**psql** 的 -s 选项将会进入单步调试模式，在这个模式下，psql 会在将一个 SQL 发送给 server 之前暂停一下。这个小节使用的命令位于文件 basics.sql。



#### 2.2 概念

​		英文文档：https://www.postgresql.org/docs/13/tutorial-concepts.html



​		pg 是一个关系型数据库管理系统(RDBMS)。这表示 pg 是一个管理关系型数据的系统。**关系(relation)** 本质上是个数学概念对于 **表(tables)** 来说。现在，将数据存储在表中是司空见惯的事，就好像它本来就该这样似的，但也有很多以其他方式组织数据的数据库管理系统。文件和目录在类Unix系统上形成了一个分层数据库。更加现代的是面向对象的数据库。

​		每个表都是一个由 **行(rows)** 组成的被命名的集合。每个**行(row)** 都由一个相同的有数据类型的**列(column)**的集合组成。鉴于**行(row)**中的**列(column)**都是有固定顺序的，要牢记，SQL 不会保证查出来的行的顺序。

​		**表(tables)** 被组织到**数据库(databases)** 中，被一个 pg server 实例管理的多个**数据库(databases)**构成**数据库集群(database cluster)**。



#### 2.3 创建一个新表

​		英文文档：https://www.postgresql.org/docs/13/tutorial-table.html



​		你可以创建一个指定名字的表，同时给定所有的列名及其数据类型：

```sql
CREATE TABLE weather (
    city            varchar(80),
    temp_lo         int,           -- low temperature
    temp_hi         int,           -- high temperature
    prcp            real,          -- precipitation
    date            date
);
```

​		你可以将上述多行 SQL 输入到 psql，psql 会正确识别到 SQL 以 ; 结束。

​		SQL 命令中可以自由使用空白字符(例如：空格，tab，换行符) 。这表示你可以将上述 SQL 以不同的断行输入进去，或者完全输入到一行。两个横线 "--" 表示注释。从 "--" 到行尾之间的字符都被忽略。SQL 对于关键字、标识符是大小写不敏感的，除非标识符被用双引号括起来。

​		***varchar(80)*** 指定了一个可最多存储 80 个字符的字符串类型。***int*** 是正常的整数类型。***real*** 是一种存储是单精度浮点数的数据类型。***date*** 数据类型是不言自明的(是的，列的名字也是 date，这带来便利也让人困惑。你自行决定吧)。

​		pg 支持标准 SQL 规定的数据类型：int，smallint，real，double，precision，char(N)，varchar(N)，date，time，timestamp，interval，还支持一些其他工具的数据类型和丰富的几何数据类型。pg 支持各种各样的用户自定义类型。因此，数据类型名在语法上不是关键字，除非 SQL 标准有特殊要求的情况。

​		第二个例子展示如何存储城市与其地理位置：

```sql
CREATE TABLE cities (
    name            varchar(80),
    location        point
);
```

​		***point*** 类型是 pg 独家支持的。

​		最后要提一下的是，如果某个表没有用了或者你想以其他方式重建某个表，你可以通过下列命令删除它：

```sql
DROP TABLE tablename;
```



#### 2.4 向表内插入数据

​		英文文档：https://www.postgresql.org/docs/13/tutorial-populate.html



​		***INSERT*** 语句被用于向表中填充数据：

```sql
INSERT INTO weather VALUES ('San Francisco', 46, 50, 0.25, '1994-11-27');
```

​		注意，所有数据类型均使用了显而易见的输入格式。非简单数字类型的常量通常用单引号括起来，像上面的例子中那样。***date***类型可接受的输入格式是非常灵活的，但在这份教程中，我们将坚持使用如上所示的没有歧义的格式。

​		***point*** 类型需要一对坐标值作为输入，像这样：

```sql
INSERT INTO cities VALUES ('San Francisco', '(-194.0, 53.0)');
```

​		到目前为止，教程中的例子都需要你记住列的顺序。有种语法是你可以显式指定列的顺序：

```sql
INSERT INTO weather (city, temp_lo, temp_hi, prcp, date)
    VALUES ('San Francisco', 43, 57, 0.0, '1994-11-29');
```

​		如果你想的话也可以以其他的顺序来指定列，或者也可以忽略某些列。例如，如果不知道降水量：

```sql
INSERT INTO weather (date, city, temp_hi, temp_lo)
    VALUES ('1994-11-29', 'Hayward', 54, 37);
```



​		很多开发者认为，明确地指定列的顺序是一种比隐式地依赖数据库更好的风格。

​		请输入上述所有的 SQL，这样在后续的小节中，你将拥有可以使用的数据。

​		你也可以使用 ***COPY*** 命令从一个纯文本文件中加载大量数据。这比 INSERT 命令更快，因为 COPY 命令在这个方面做过优化，比 INSERT 的复杂度也降低了很多。下面是个例子：

```sql
COPY weather FROM '/home/user/weather.txt';
```

​		存放数据的文件必须位于 pg server 所在的机器，而非客户端所在的机器，因为 pg server 需要直接读取数据文件。如欲了解更多关于 COPY 命令的知识可以访问 [COPY](https://www.postgresql.org/docs/13/sql-copy.html)。



#### 2.5 查询一个表

​		英文文档：https://www.postgresql.org/docs/13/tutorial-select.html



​		从一个表中获取数据，需要对表执行查询。***SELECT*** 语句用来做这件事。***SELECT*** 语句被分成一个 select list(要查询的列名的集合)，一个 table list(要从中获取数据的表的集合)，一组可选的查询条件(待获取的数据要满足的条件)。例如，获取 weather 表的所有行，输入：

```sql
SELECT * FROM weather;
```

​		在这里 * 是 "all columns" 的意思。所以下面的 SQL 有同样的结果：

```sql
SELECT city, temp_lo, temp_hi, prcp, date FROM weather;
```

​		输出的结果应该是：

```sql
     city      | temp_lo | temp_hi | prcp |    date
---------------+---------+---------+------+------------
 San Francisco |      46 |      50 | 0.25 | 1994-11-27
 San Francisco |      43 |      57 |    0 | 1994-11-29
 Hayward       |      37 |      54 |      | 1994-11-29
(3 rows)
```

​		你可以在 select list 中写表达式，而不仅仅是列名。例如，你可以：

```sql
SELECT city, (temp_hi+temp_lo)/2 AS temp_avg, date FROM weather;
```

​		上面的 SQL 结果应该是：

```sql
     city      | temp_avg |    date
---------------+----------+------------
 San Francisco |       48 | 1994-11-27
 San Francisco |       50 | 1994-11-29
 Hayward       |       45 | 1994-11-29
(3 rows)
```

​		注意，***AS*** 子句是如何被用来改变输出的列的名字(AS 子句是可选的)。

​		一个查询可以被 ***WHERE*** 子句加以约束，仅仅获取想要的行。WHERE 子句包含一个布尔表达式，只有那些使得布尔表达式为 true 的行才会被返回。一般的布尔操作符(AND，OR，NOT)可以在条件中使用。例如，下面的 SQL 获取 San Francisco 的雨天：

```sql
SELECT * FROM weather
    WHERE city = 'San Francisco' AND prcp > 0.0;
```

​		结果是：

```sql
     city      | temp_lo | temp_hi | prcp |    date
---------------+---------+---------+------+------------
 San Francisco |      46 |      50 | 0.25 | 1994-11-27
(1 row)
```

​		你可以让返回的行按某种规则排序：

```sql
SELECT * FROM weather ORDER BY city;
```

```sql
     city      | temp_lo | temp_hi | prcp |    date
---------------+---------+---------+------+------------
 Hayward       |      37 |      54 |      | 1994-11-29
 San Francisco |      43 |      57 |    0 | 1994-11-29
 San Francisco |      46 |      50 | 0.25 | 1994-11-27
```

​		在上面的例子中，排序规则没有指定完整，San Francisco 的两条就可能以与上述结果不同的顺序展示。但使用下面的 SQL，你讲每次获得相同顺序的结果：

```sql
SELECT * FROM weather ORDER BY city, temp_lo;
```

​		你可以让返回的结果中没有重复的行：

```sql
SELECT DISTINCT city FROM weather;
```

```sql
     city
---------------
 Hayward
 San Francisco
(2 rows)
```

​		再次看到，返回的行可能以不同的顺序排列。你可以同时使用 ***DISTINCT*** 和 ***ORDER BY*** 来保证结果排序的稳定：

```sql
SELECT DISTINCT city
    FROM weather
    ORDER BY city;
```

​		

[2] **select \*** 对于随手查询是非常有用的，但对于生产环境这是一种非常不好的风格，因为如果表的列发生变动，SQL 的结果也会发生改变。 

[3] 在一些数据库系统中（包括老版本的 pg），***DISTINCT*** 的实现附带排序效果，这时 ***ORDER BY*** 是不必要的。但这不是 SQL 标准的规定，当前的 pg 已不再保证 ***DISTINCT*** 附带排序效果。



#### 2.6 表之间的连接

​		英文文档：https://www.postgresql.org/docs/13/tutorial-join.html



​		到现在，教程中的查询都是一次查询一个表。查询可以一次访问多个表，通过这种方式，也可以将一个表的行多次进行处理。一次性访问多个相同的表或不同的表的多行记录的查询叫做 ***join query***。举例来讲，你想列出某个城市的所有天气记录和城市所在的位置。我们需要比较 weather 表的 city 列与 cities 表的 name 列，然后查出那些 city 列与 name 列相等的行。

​		下面的 SQL 能完成这个目标：

```sql
SELECT *
    FROM weather, cities
    WHERE city = name;
```

```sql
     city      | temp_lo | temp_hi | prcp |    date    |     name      | location
---------------+---------+---------+------+------------+---------------+-----------
 San Francisco |      46 |      50 | 0.25 | 1994-11-27 | San Francisco | (-194,53)
 San Francisco |      43 |      57 |    0 | 1994-11-29 | San Francisco | (-194,53)
(2 rows)
```

​		观察结果集中的两个问题：

* 没有一行是属于 Hayward 的。这是因为 cities 表中没有 Hayward，所以 join 忽略了 weather 表中Hayward 的行。不久后我们就会看到这个问题如何应对。

* 有两列包括城市名的列。这是正确的，因为输出的列是 cities 表和 weather 表的结合。但是实践中，这并不是我们想要结果，所以你可能显示的指定要返回的列而不是使用 *：

  ```sql
  SELECT city, temp_lo, temp_hi, prcp, date, location
      FROM weather, cities
      WHERE city = name;
  ```

**练习**：

​		

​		因为列的名字都是不相同的，所有分析器会自动确定列属于哪个表。如果两个表中有相同名字的列，你需要指定需要哪个表的列，如下：

```sql
SELECT weather.city, weather.temp_lo, weather.temp_hi,
       weather.prcp, weather.date, cities.location
    FROM weather, cities
    WHERE cities.name = weather.city;
```

​		在一个 JOIN 查询中为每个列的所属表被广泛认为是个好的风格，这样的话当后来向某个表添加了列，导致多个表具有相同的列名时，SQL 不会因此而失效（不需要再修改一次SQL）。

​		至今为止，在本教程中看到的 JOIN 查询也可以写成下面这种形式：

```sql
SELECT *
    FROM weather INNER JOIN cities ON (weather.city = cities.name);
```

​		这个写法不如前面讲的写法被广泛应用，这里讨论这种写法是为了能更好的理解接下来要讨论的主题。

​		现在我们讨论如何让查询返回 Hayward 的记录的问题了。我们想要的是：让查询扫描 weather 表，针对每一行去 cities 表中找到匹配的行。如果在 cities 表中找不到匹配的行，就用 "空值" 代替。这种查询叫做 ***OUTER JOIN***(目前为止，我们在本教程中看到的 JOIN 查询都是 ***INNER JOIN***)。SQL 如下：

```sql
SELECT *
    FROM weather LEFT OUTER JOIN cities ON (weather.city = cities.name);

     city      | temp_lo | temp_hi | prcp |    date    |     name      | location
---------------+---------+---------+------+------------+---------------+-----------
 Hayward       |      37 |      54 |      | 1994-11-29 |               |
 San Francisco |      46 |      50 | 0.25 | 1994-11-27 | San Francisco | (-194,53)
 San Francisco |      43 |      57 |    0 | 1994-11-29 | San Francisco | (-194,53)
(3 rows)
```

​		上面的查询被叫做 ***left outer join***，因为 JOIN 操作符(LEFT OUTER JOIN)左边的表中的行至少会在结果集中出现一次，而右边的表中的行，仅仅在被左边的表的行匹配上时，才会在结果集出现。当在结果集汇总输出左表的行时，如果没有在右表中找到匹配的行，就用空值(null)替代。

**练习**：

​		在一个 JOIN 查询中，我们也可以将一个表连接两次。这叫做 ***self join***。举例来讲，我们想查询温度范围在其他天气记录温度之间的天气记录。我们需要比较 temp_lo 和 temp_hi 和其他所有天气记录的 temp_lo 和 temp_hi 列。我们可以用下面的 SQL 做到：

```sql
SELECT W1.city, W1.temp_lo AS low, W1.temp_hi AS high,
    W2.city, W2.temp_lo AS low, W2.temp_hi AS high
    FROM weather W1, weather W2
    WHERE W1.temp_lo < W2.temp_lo
    AND W1.temp_hi > W2.temp_hi;

     city      | low | high |     city      | low | high
---------------+-----+------+---------------+-----+------
 San Francisco |  43 |   57 | San Francisco |  46 |   50
 Hayward       |  37 |   54 | San Francisco |  46 |   50
(2 rows)
```

​		这里我们重命名了 JOIN 操作符两边的表为 W1 和 W2 以便于区分左表和右表。你也可以用这个方法来省些输入：

```sql
SELECT *
    FROM weather w, cities c
    WHERE w.city = c.name;
```

​		你将会频繁地见到这种省略风格。



#### 2.7 聚合函数

​		英文文档：https://www.postgresql.org/docs/13/tutorial-agg.html



​		像其他大部分关系型数据库那样，pg 也支持聚合函数(aggregate functions)。聚合函数从多个输入行算出一个结果。例如，聚合函数可以从多行中计算：数量(count)、和(sum)、平均值(avg: average)、最大值(max: maximum)和最小值(min: minimum)  。

​		举例来讲，我可以找到最高的低温：

```sql
SELECT max(temp_lo) FROM weather;
```

```sql
 max
-----
  46
(1 row)
```

​		如果我们想知道哪个城市曾经历温度之最，我们可以：

```sql
SELECT city FROM weather WHERE temp_lo = max(temp_lo);     -- WRONG
```

​		但上面的 SQL 并不能得出预期的结果，因为 max 函数不能被用在 WHERE 子句中。(这个限制存在是因为，WHERE 子句被用来决定哪些行将作为聚合函数的输入；显而易见，WHERE 字句需要在聚合函数之前被计算。) 然而，这个SQL可以被重写成下面使用自查询(subquery) 的方式来完成我们的目标：

```sql
SELECT city FROM weather
    WHERE temp_lo = (SELECT max(temp_lo) FROM weather);
```

```sql
     city
---------------
 San Francisco
(1 row)
```

​		这么做是没问题的，因为子查询是非依赖性的，它会计算它内部的聚合函数，跟外部查询是分离的。

​		聚合操作和 ***GROUP BY*** 子句一起使用也是非常有用的。例如，我们要观察每个城市的最大低温：

```sql
SELECT city, max(temp_lo)
    FROM weather
    GROUP BY city;
```

```sql
     city      | max
---------------+-----
 Hayward       |  37
 San Francisco |  46
(2 rows)
```

​		上面的SQL结果是每个城市一行。两条聚合结果都是按城市分组计算的。我们可以使用 ***HAVING***过滤这些分组的行：

```sql
SELECT city, max(temp_lo)
    FROM weather
    GROUP BY city
    HAVING max(temp_lo) < 40;
```

```sql
  city   | max
---------+-----
 Hayward |  37
(1 row)
```

​		上面的SQL查出的结果满足条件：最大低温小于40。

​		最后一个例子，如果我们想查哪些城市名字以 S 开头的，我们可以：

```sql
SELECT city, max(temp_lo)
    FROM weather
    WHERE city LIKE 'S%'            -- (1)
    GROUP BY city
    HAVING max(temp_lo) < 40;
```

**(1)** ***LIKE*** 操作符进行字符串模式匹配，具体在 [Section 9.7](https://www.postgresql.org/docs/13/functions-matching.html)。



​		理解 聚合操作、WHERE子句、HAVING子句 三者之间的相互作用是非常重要的。WHERE 和 HAVING 基本原理的不同在于：WHERE 在 group 操作和聚合操作之前被计算(因此，WHERE控制着那些行将进行聚合操作)，而 HAVING 在 group 操作和聚合操作之后被计算。因此，WHERE子句中一定不能包含聚合函数；这样用聚合函数是没有意义的。另一方面，HAVING 子句常包含聚合函数。(严格的说，你被允许写不带聚合函数的 HAVING 子句，但这样做几乎没用。同样的情况，用 WHERE 可能更有效。)

​		在前面的例子中，我们在 WHERE 子句中限定城市名，因为不用聚合。这比在 HAVING 中限定更加高效，因为我们不会对哪些被 WHERE 过滤掉的行进行分组和聚合计算。



#### 2.8 更新表的数据

​		英文文档：https://www.postgresql.org/docs/13/tutorial-update.html



​		你可以用 ***UPDATE*** 命令来更新已有的数据。假设，你发现11月28日往后的天气记录的温度值错了两度，你可以用如下SQL修正数据：

```sql
UPDATE weather
    SET temp_hi = temp_hi - 2,  temp_lo = temp_lo - 2
    WHERE date > '1994-11-28';
```



​		看看数据新的样子：

```sql
SELECT * FROM weather;

     city      | temp_lo | temp_hi | prcp |    date
---------------+---------+---------+------+------------
 San Francisco |      46 |      50 | 0.25 | 1994-11-27
 San Francisco |      41 |      55 |    0 | 1994-11-29
 Hayward       |      35 |      52 |      | 1994-11-29
(3 rows)
```



#### 2.9 删除表的数据

​		英文文档：https://www.postgresql.org/docs/13/tutorial-delete.html



​		你可以用 ***DELETE*** 语句删除已有的数据。假设，你对 Hayward 的天气记录已经没兴趣了。这时，你可以通过下面的 SQL 来删除这些数据：

```sql
DELETE FROM weather WHERE city = 'Hayward';
```

​		Hayward所有的天气记录都被删除了：

```sql
SELECT * FROM weather;

     city      | temp_lo | temp_hi | prcp |    date
---------------+---------+---------+------+------------
 San Francisco |      46 |      50 | 0.25 | 1994-11-27
 San Francisco |      41 |      55 |    0 | 1994-11-29
(2 rows)
```

​		你应该对下面这个 SQL 抱以谨慎：

```sql
DELETE FROM tablename;
```

​		没有约束条件的情况下，DELETE 将会删除表中的所有数据。数据库系统不会在你执行上述SQL时额外确认。

